config,mode,token_ttl,cache_ttl,rep,customer_id,propagation_s,denied_code,denied_error,polls,reauths,rep_meets_target,errors
C1,claim,60,,1,C-001,60.625,403,consent_not_found,14,1,True,
C1,claim,60,,2,C-002,60.64,403,consent_not_found,14,1,True,
C1,claim,60,,3,C-003,60.719,403,consent_not_found,14,1,True,
C1,claim,60,,4,C-004,60.75,403,consent_not_found,14,1,True,
C1,claim,60,,5,C-005,60.61,403,consent_not_found,14,1,True,
C2,claim,300,,1,C-001,301.141,403,consent_not_found,62,1,False,
C2,claim,300,,2,C-002,301.188,403,consent_not_found,62,1,False,
C2,claim,300,,3,C-003,301.046,403,consent_not_found,62,1,False,
C2,claim,300,,4,C-004,301.015,403,consent_not_found,62,1,False,
C2,claim,300,,5,C-005,301.047,403,consent_not_found,62,1,False,
C3,claim,900,,1,C-001,900.969,403,consent_not_found,182,1,False,
C3,claim,900,,2,C-002,901.313,403,consent_not_found,182,1,False,
C3,claim,900,,3,C-003,901.0,403,consent_not_found,182,1,False,
C3,claim,900,,4,C-004,900.969,403,consent_not_found,182,1,False,
C3,claim,900,,5,C-005,900.844,403,consent_not_found,182,1,False,
C4,lookup,900,0,1,C-001,0.078,403,consent_revoked,1,0,True,
C4,lookup,900,0,2,C-002,0.078,403,consent_revoked,1,0,True,
C4,lookup,900,0,3,C-003,0.047,403,consent_revoked,1,0,True,
C4,lookup,900,0,4,C-004,0.063,403,consent_revoked,1,0,True,
C4,lookup,900,0,5,C-005,0.094,403,consent_revoked,1,0,True,
C5,lookup,900,60,1,C-001,60.219,403,consent_revoked,13,0,True,
C5,lookup,900,60,2,C-002,60.125,403,consent_revoked,13,0,True,
C5,lookup,900,60,3,C-003,60.093,403,consent_revoked,13,0,True,
C5,lookup,900,60,4,C-004,60.125,403,consent_revoked,13,0,True,
C5,lookup,900,60,5,C-005,60.172,403,consent_revoked,13,0,True,
